id;name;client_ref;start_date;end_date
1;Sports Bedfordshire;Bicycle;2023-08-11;2023-08-10
2;Erbium spangle;Northwest;2023-08-10;2023-08-11
3;hack;Way azure Tesla;2023-08-11;2023-08-11
4;rudely Texas;logistical;2023-08-11;2023-08-11
5;fooey female payment;Account;2023-08-11;2023-08-10
6;Chief virtual;Plastic Consultant;2023-08-11;2023-08-11
7;payment incentivize;Verna;2023-08-11;2023-08-11
8;Rolls yellow;migration;2023-08-11;2023-08-11
9;henry female joule;Southeast;2023-08-11;2023-08-11
10;Car;driver;2023-08-10;2023-08-11
